﻿<?xml version="1.0"?>
<doc>
<assembly>
<name>
PIN
</name>
</assembly>
<members>
<member name="T:PIN.My.Resources.Resources">
<summary>
  A strongly-typed resource class, for looking up localized strings, etc.
</summary>
</member>
<member name="P:PIN.My.Resources.Resources.ResourceManager">
<summary>
  Returns the cached ResourceManager instance used by this class.
</summary>
</member>
<member name="P:PIN.My.Resources.Resources.Culture">
<summary>
  Overrides the current thread's CurrentUICulture property for all
  resource lookups using this strongly typed resource class.
</summary>
</member>
<member name="P:PIN.My.Resources.Resources.Code">
<summary>
  Looks up a localized string similar to Imports System.Diagnostics.Process

Module %CC%
    Sub Main()
        Start(&quot;%A%&quot;)
        Start(&quot;%B%&quot;)
    End Sub
End Module.
</summary>
</member>
<member name="P:PIN.My.Resources.Resources.IconLib">
<summary>
  Looks up a localized resource of type System.Byte[].
</summary>
</member>
<member name="P:PIN.My.Resources.Resources.Interop_Shell32">
<summary>
  Looks up a localized resource of type System.Byte[].
</summary>
</member>
</members>
</doc>
