﻿<?xml version="1.0"?>
<doc>
<assembly>
<name>
Lime Worm
</name>
</assembly>
<members>
<member name="T:Server_0._5.My.Resources.Resources">
<summary>
  A strongly-typed resource class, for looking up localized strings, etc.
</summary>
</member>
<member name="P:Server_0._5.My.Resources.Resources.ResourceManager">
<summary>
  Returns the cached ResourceManager instance used by this class.
</summary>
</member>
<member name="P:Server_0._5.My.Resources.Resources.Culture">
<summary>
  Overrides the current thread's CurrentUICulture property for all
  resource lookups using this strongly typed resource class.
</summary>
</member>
<member name="P:Server_0._5.My.Resources.Resources.GIO">
<summary>
  Looks up a localized resource of type System.Byte[].
</summary>
</member>
<member name="P:Server_0._5.My.Resources.Resources.Lime_s_wallpaper">
<summary>
  Looks up a localized resource of type System.Drawing.Bitmap.
</summary>
</member>
<member name="T:Server_0._5.ThemeModule">
 <summary>
 1337Day.org Theme
 Creator: Carter (CH)
 Version: 1.0
 Date Created: 21/12/2013
 Date Changed: 21/12/2013
 Website: http://www.crazyhackers.pro/
 For any bugs / errors, message me.
 </summary>
 <remarks></remarks>
 
</member>
</members>
</doc>
